PMB CODE,PMB CONDITION,MEDICINE SUB-CATEGORY,MEDICINE CLASS NAME,PRODUCT NAME,STRENGTH
100E,Patent ductus arteriosus; aortic pulmonary fistula - persistent,"Ace Inhibitors, Plain",Captopril,Mylan captopril,25 mg
,,,,Mylan captopril,50 mg
,,,Enalapril,Tenezil,10 mg
,,,,Natrapress,10 mg
,,,,Enalapril 10 arya,10 mg
,,,,Natrapress,20 mg
,,,,Enalapril 20 arya,20 mg
,,,,Tenezil,20 mg
,,,,Enalapril 5 arya,5 mg
,,,,Hypace,5 mg
,,"Beta blocking agents, non-selective",Propranolol,Indoblok,40 mg
113S,Acquired haemolytic anaemias,Alkylating Agents - Nitrogen Mustard Analogues,Cyclophosphamide,Endoxan,50 mg
,,Other Immunosuppressive Agents,Azathioprine,Azamun,50 mg
,,,,Azathioprine pch,50 mg
,,,Methotrexate,Methotrexate,"2,5 mg"
,,,Prednisolone,Aspelone,15 mg/5 mL
,,Systemic Corticosteroids - Prednisolone,,Adco prednisolone,15 mg/5 mL
,,Systemic Corticosteroids - Prednisone,Prednisone,Panafcort,5 mg
,,,,Be-tabs prednisone,5 mg
,,,,Trolic,5 mg
11S,Tuberculosis,Anti-TB Drugs - Hydrazides,Isoniazid,Norstan isoniazid,200 mg
,,,,Winthrop isoniazid,300 mg
,,,,Solonex,"300 mg;100
mg"
,,"Anti-TB Drugs, Combinations",Rifampicin and isoniazid,Ebsar 2-ds 300/150,"300 mg;150
mg"
,,,,Afaris fc,300mg:150 mg
,,,,Afaris fc,150 mg;75 mg
11S,Tuberculosis,"Anti-TB Drugs, Combinations","Rifampicin, pyrazinamide, ethambutol and isoniazid",Antib-4,-a
,,"Anti-TB Drugs, Others",Ethambutol,Sandoz ethambutol,400 mg
,,,Pyrazinamide,Macleods pyrazinamide,500 mg
,,Other plain vitamin preparations,Pyridoxine (vit B6),Holland and barrett vitamin b6,100 mg
,,,,Pyridoxine,25 mg
,,,,Pyridoxine,25 mg
,,,,Pyridoxine,25 mg
,,Systemic Corticosteroids - Prednisolone,Prednisolone,Aspelone,15 mg/5 mL
,,,,Adco prednisolone,15 mg/5 mL
,,Systemic Corticosteroids - Prednisone,Prednisone,Panafcort,5 mg
,,,,Be-tabs prednisone,5 mg
,,,,Trolic,5 mg
122S,Thalassemia and other haemoglobinopathies – treatable,"Ascorbic acid (vitamin C), plain",Ascorbic acid (vit C),Be-tabs ascorbic acid,500 mg
,,,,Body balance vitamin c,500 mg
,,,,Scriptsaver vit c (bioflav),500 mg
,,Folic acid and derivatives,Folic acid,Gulf folic acid,5 mg
,,,,Be-tabs folic acid,5 mg
174S,Hereditary haemolytic anaemias (e.g. sickle cell); dyserythropoietic anaemia (congenital),Analgesics - Other Opioids,Tramadol,Domadol,50 mg
,,,,Dolotram,50 mg
,,,,Tramazac,50 mg
,,Anti-inflammatory Agents - Acetic acid derivatives and related substances,Diclofenac,Diclofenac biotech,25 mg
,,,,Mylan diclofenac,25 mg
,,,,Panamor at,50 mg
,,,,Mylan diclofenac,50 mg
,,,,Adco-diclofenac,50 mg
,,,,A-lennon diclofenac,50 mg
,,,Indometacin,Methocaps,25 mg
,,,,Gulf indomethacin,25 mg
,,,,Betacin,25 mg
174S,Hereditary haemolytic anaemias (e.g. sickle cell); dyserythropoietic anaemia (congenital),Anti-inflammatory Agents - Oxicams,Piroxicam,Roxifen,20 mg
,,,,Pyrocaps,20 mg
,,Anti-inflammatory Agents - Propionic acid derivatives,Azathioprine,Ibugesic,100 mg/5 mL
,,,Ibuprofen,Ibucine,100 mg/5 mL
,,,,Inflamax Paediatric,100 mg/5 mL
,,,,Ibugesic oral suspension (strawberry),100 mg/5 mL
,,,,Ibucine,200 mg
,,,,Ibusor,200 mg
,,,,Betaprofen,200 mg
,,,,Ibunate,200 mg
,,,,Ibucine,400 mg
,,,,Bren,400 mg
,,Antimetabolites - Others,Hydroxycarbamide,Hydrea,500 mg
,,Folic acid and derivatives,Folic acid,Gulf folic acid,5 mg
,,,,Be-tabs folic acid,5 mg
,,,Ferrous sulphate,Ferrous sulphate,30 mg
,,"Iron bivalent, oral preparations",,Ferrous sulphate,75 mg
,,Other Immunosuppressive Agents - Azathioprine,Azathioprine,Azamun,50 mg
,,,,Azathioprine pch,50 mg
,,Systemic Corticosteroids - Prednisolone,Prednisolone,Aspelone,15 mg/5 mL
,,,,Adco prednisolone,15 mg/5 mL
,,Systemic Corticosteroids – Prednisone,Prednisone,Panafcort,5 mg
,,,,Be-tabs prednisone,5 mg
,,,,Trolic,5 mg
178H,Fracture of hip,"Antithrombotic Agents
- Vitamin K antagonists",Warfarin,Cipla-warfarin,5 mg
,,,,Warfarin 5mg Austell,5 mg
,,,,Warfarin 5 unicorn,5 mg
178H,Fracture of hip,"Antithrombotic Agents
- Vitamin K antagonists",Warfarin,Segavin,5 mg
18E,Dissecting or ruptured aortic aneurysm,"Antithrombotic Agents
- Vitamin K antagonists",Warfarin,Cipla-warfarin,5 mg
,,,,Warfarin 5mg Austell,5 mg
,,,,Warfarin 5 unicorn,5 mg
,,,,Segavin,5 mg
196S,Chronic Granulomatous disease,"Antibacterial Agents, systemic",Nalidixic acid,Winlomylon,250 mg/5 mL
,,,,Puromylon,500 mg
204E,Cardiac failure: acute or recent deterioration of chronic cardiac failure,"Ace Inhibitors, Plain",Captopril,Mylan captopril,25 mg
,,,,Mylan captopril,50 mg
,,,Enalapril,Tenezil,10 mg
,,,,Natrapress,10 mg
,,,,Enalapril 10 arya,10 mg
,,,,Natrapress,20 mg
,,,,Enalapril 20 arya,20 mg
,,,,Tenezil,20 mg
,,,,Hypace,5 mg
,,,,Enalapril 5 arya,5 mg
,,Cardiac Glycosides - Digoxin,Digoxin,Lanoxin paediatric/geriatric,"0,05 mg/1 mL"
,,,,Lanoxin,"0,0625 mg"
,,,,Lanoxin,"0,25 mg"
,,High-Ceiling Diuretics,Furosemide,Furobe,40 mg
,,,,Mylan furosemide,40 mg
,,,,Lasix oral,50 mg/5 mL
,,,"Influenza, purified antigen",Vaxigrip tetra single dose 0.5 mL pre-filled syringe,-
206H,Chronic osteomyelitis,Anti-Mycobacterials - Antibiotics,Rifampicin,Rimactane,150 mg
209E,Thrombo-embolism,"Antithrombotic Agents
- Vitamin K antagonists",Warfarin,Cipla-warfarin,5 mg
209E,Thrombo-embolism,"Antithrombotic Agents
- Vitamin K antagonists",Warfarin,Warfarin 5 mg Austell,5 mg
,,,,Warfarin 5 unicorn,5 mg
,,,,Segavin,5 mg
213A,"Difficulty in breathing, eating, swallowing, bowel, or bladder control due to non-progressive neurological (including spinal) condition or injury","Antibacterial Agents, systemic",Sulfamethoxazole and trimethoprim,Trixazole,480 mg
,,,,Lagatrim,480 mg
,,,,Doctrim,240 mg/5 mL
,,,,Ilvitrim,240 mg/5 mL
,,,,Purbac,240 mg/5 mL
,,,,Novatrim,240 mg/5 mL
,,,,Ilvitrim,480 mg
,,,,Nucotrim,480 mg
,,,,Cozole,480 mg
,,Anti-inflammatory Agents - Acetic acid derivatives and related substances,Diclofenac,Diclofenac biotech,25 mg
,,,,Mylan diclofenac,25 mg
,,,,Panamor at,50 mg
,,,,Mylan diclofenac,50 mg
,,,,Adco-diclofenac,50 mg
,,,,A-lennon diclofenac,50 mg
,,,Indometacin,Methocaps,25 mg
,,,,Betacin,25 mg
,,,,Gulf indomethacin,25 mg
,,Anti-inflammatory Agents - Propionic acid derivatives,Ibuprofen,Ibucine,100 mg/5 mL
,,,,Ibugesic,100 mg/5 mL
,,,,Inflamax Paediatric,100 mg/5 mL
,,,,Ibugesic oral suspension (strawberry),100 mg/5 mL
,,,,Ibucine,200 mg
,,,,Ibusor,200 mg
,,,,Betaprofen,200 mg
,,,,Ibunate,200 mg
213A,"Difficulty in breathing, eating, swallowing, bowel, or bladder control due to non-progressive neurological (including spinal) condition or injury",Anti-inflammatory Agents - Propionic acid derivatives,Ibuprofen,Ibucine,400 mg
,,,,Bren,400 mg
,,"Antithrombotic Agents
- Vitamin K antagonists",Warfarin,Cipla-warfarin,5 mg
,,,,Warfarin 5mg Austell,5 mg
,,,,Warfarin 5 unicorn,5 mg
,,,,Segavin,5 mg
,,Aspirin,Acetylsalicylic acid,Soluspirin (was aspirin soluble),300 mg
,,,,Aspirin teva,80 mg
,,,,Coprin,100 mg
,,,,Disprin,300 mg
,,H2-receptor antagonists,Cimetidine,Adco-cimetidine,200 mg
,,,,Cimlok,200 mg
,,,,Bio-cimetidine,200 mg
,,,,Lenamet,400 mg
,,,,Bio-cimetidine,400 mg
,,Laxatives,Lactulose,Aculax,"3,3g/5 mL"
,,,,Lacson,3300 mg/5 mL
,,,Senna glycosides,Soflax,13.5 mg
,,,Methocarbamol,Robaxin,500 mg
,,Muscle Relaxants - Carbamic acid esters,,Robaxin,750 mg
,,"Antibacterial Agents, systemic",Nitrofurantoin,Cipladantin,100 mg
,,,,Cipladantin,50 mg
,,Muscle Relaxants - Other Centrally Acting Agents,Baclofen,Teva baclofen,10 mg
,,Urinary antispasmodics,Oxybutynin,Oxyrest,5 mg
,,,,Lenditro,5mg
,,,,Mylan oxybutynin,5 mg
214F,Oesophageal stricture,Proton pump inhibitors,Lansoprazole,Adco-roznal,30 mg
,,,,Lancap,30 mg
,,,,Lansoprazole unicorn,30 mg
,,,Omeprazole,Omiflux,20 mg
,,,,Probitor,20 mg
,,,,Adco-omeprazole,20 mg
,,Selective Calcium Channel Blockers with Mainly Vascular Effects,Nifedipine,Bio-nifedipine (was Norton-nifedipine),10 mg
,,,,Bio-nifedipine (was Norton-nifedipine),5 mg
,,Vasodilators in Cardiac Disease - Organic Nitrates,Isosorbide dinitrate,Sandoz isosorbide dinitrate,10 mg
,,,,Sandoz isosorbide dinitrate,5 mg
236K,Iron deficiency; vitamin and other nutritional deficiencies – life-threatening,Folic acid and derivatives,Folic acid,Gulf folic acid,5 mg
,,,,Be-tabs folic acid,5 mg
,,"Iron bivalent, oral preparations",Ferrous sulphate,Ferrous sulphate,30 mg
,,,,Ferrous sulphate,75 mg
,,,"Iron, vitamin B12 and Folic acid",Ferrous forte chelated iron,-
,,"Multivitamins, plain","Multivitamins, plain",Multivitamin,-
,,,,Multivitamin,-
,,,,Multivitamin orange,-
,,Other plain vitamin preparations,Nicotinamide,Nicotinamide,25 mg
,,,Pyridoxine (vit B6),Holland and barrett vitamin b6,100 mg
,,,,Pyridoxine,25 mg
,,,,Pyridoxine,25 mg
,,,,Pyridoxine,25 mg
,,,Tocopherol (vit E),Bettaway vit e,400iu
,,,,Holland and barrett mixed tocopherols,400u
236K,Iron deficiency; vitamin and other nutritional deficiencies – life-threatening,"Vitamin A, plain",Retinol (vit A),Holland and barrett beta-carotene provitamin a,6 mg
,,"Vitamin B1, plain",Thiamine (vit B1),Litha thiamine hcl (was A-lennon thiamine),100 mg
,,,,Puritan's pride b-1 (thiamine hydrochloride),50 mg
,,Vitamin B12 (cyanocobalamin and analogues),Cyanocobalamin,A-lennon vitamin b12 1 ml,1000 mcg/1 mL
,,,,A-lennon vitamin b12 10 ml,1000 mcg/1 mL
,,"Vitamin B-complex, plain","Vitamin B-complex, plain",B-co,-
,,,,AHA Vitamin B Co,-
,,,,Vitamin b co forte chocolate,-
,,Vitamin D and analogues,Alfacalcidol,Zodoray,"0,25 mcg"
,,,,Zodoray,1 mcg
,,,Ergocalciferol,Calciferol,50000u
,,,,Calciferol oily,5000iu/1 mL
,,Vitamin K,Phytomenadione,Konakion mm 1 ml,10 mg/1 mL
,,,,Konakion mm paediatric ampoule 0.2 ml with dispenser,10 mg
246S,,Anthelminthics,Albendazole,Zentel,100 mg/5 mL
,,,,Zentel,400 mg
,Cysticercosis; other systemic cestode infection,,Praziquantel,Cysticide,500 mg
,,Systemic Corticosteroids - Prednisolone,Prednisolone,Aspelone,15 mg/5 mL
,,,,Adco prednisolone,15 mg/5 mL
,,Systemic Corticosteroids - Prednisone,Prednisone,Panafcort,5 mg
,,,,Be-tabs prednisone,5 mg
,,,,Trolic,5 mg
252S,Life-threatening anaemia NOS,Folic acid and derivatives,Folic acid,Gulf folic acid,5 mg
,,,,Be-tabs folic acid,5 mg
252S,Life-threatening anaemia NOS,"Iron bivalent, oral preparations",Ferrous sulphate,Ferrous sulphate,30 mg
,,,,Ferrous sulphate,75 mg
,,"Multivitamins, plain","Multivitamins, plain",Multivitamin,-
,,,,Multivitamin,-
,,,,Multivitamin orange,-
,,Other plain vitamin preparations,Nicotinamide,Nicotinamide,25 mg
,,,Pyridoxine (vit B6),Holland and barrett vitamin b6,100 mg
,,,,Pyridoxine,25 mg
,,,,Pyridoxine,25 mg
,,,,Pyridoxine,25 mg
,,,Tocopherol (vit E),Bettaway vit e,400iu
,,,,Holland and barrett mixed tocopherols,400u
,,"Vitamin A, plain",Retinol (vit A),Holland and barrett beta-carotene provitamin a,6 mg
,,"Vitamin B1, plain",Thiamine (vit B1),Litha thiamine hcl (was A-lennon thiamine),100 mg
,,,,Puritan's pride b-1 (thiamine hydrochloride),50 mg
,,Vitamin B12 (cyanocobalamin and analogues),Cyanocobalamin,A-lennon vitamin b12 1 mL,1000 mcg/1 mL
,,,,A-lennon vitamin b12 10 mL,1000 mcg/1 mL
,,"Vitamin B-complex, plain","Vitamin B-complex, plain",B-co,-
,,,,AHA Vitamin B Co,-
,,,,Vitamin b co forte chocolate,-
,,Vitamin D and analogues,Alfacalcidol,Zodoray,"0,25 mcg"
,,,,Zodoray,1 mcg
,,,Colecalciferol,D-drops (new formulation) 30 ml,500 iu/0.5 mL
,,,Ergocalciferol,Calciferol,50000 u
,,,,Calciferol oily,5000 iu/1 mL
252S,Life-threatening anaemia NOS,Vitamin K,Phytomenadione,Konakion mm 1 ml,10 mg/1 mL
,,,,Konakion mm paediatric ampoule 0.2 ml with dispenser,10 mg
265A,Transient cerebral ischaemia; life-threatening cerebrovascular conditions NOS,"Antithrombotic Agents
- Vitamin K antagonists",Warfarin,Cipla-warfarin,5 mg
,,,,Warfarin 5mg austell,5 mg
,,,,Warfarin 5 unicorn,5 mg
,,,,Segavin,5 mg
,,Aspirin,Acetylsalicylic acid,Soluspirin (was aspirin soluble),300 mg
,,,,Aspirin teva,80 mg
,,,,Coprin,100 mg
,,,,Disprin,300 mg
26E,"Arterial embolism/thrombosis: abdominal aorta, thoracic aorta","Antithrombotic Agents
- Vitamin K antagonists",Warfarin,Cipla-warfarin,5 mg
,,,,Warfarin 5mg austell,5 mg
,,,,Warfarin 5 unicorn,5 mg
,,,,Segavin,5 mg
284E,Acute pulmonary heart disease and pulmonary emboli,"Antithrombotic Agents
- Vitamin K antagonists",Warfarin,Cipla-warfarin,5 mg
,,,,Warfarin 5mg austell,5 mg
,,,,Warfarin 5 unicorn,5 mg
,,,,Segavin,5 mg
294E,"Giant cell arteritis, Kawasaki disease,",Anti-inflammatory Agents - Acetic acid,Diclofenac,Diclofenac biotech,25 mg
,,,,Mylan diclofenac,25 mg
,hypersensitivity angiitis,derivatives and related substances,,Panamor at,50 mg
,,,,Mylan diclofenac,50 mg
,,,,Adco-diclofenac,50 mg
,,,,A-lennon diclofenac,50 mg
,,,Indometacin,Methocaps,25 mg
,,,,Betacin,25 mg
,,,,Gulf indomethacin,25 mg
,,Anti-inflammatory Agents - Oxicams,Piroxicam,Roxifen,20 mg
294E,"Giant cell arteritis, Kawasaki disease, hypersensitivity angiitis",Anti-inflammatory Agents - Oxicams,Piroxicam,Pyrocaps,20 mg
,,Anti-inflammatory Agents - Propionic acid derivatives,Ibuprofen,Ibucine,100 mg/5 mL
,,,,Ibugesic,100 mg/5 mL
,,,,Inflamax Paediatric,100 mg/5 mL
,,,,Ibugesic oral suspension (strawberry),100 mg/5 mL
,,,,Ibucine,200 mg
,,,,Ibusor,200 mg
,,,,Betaprofen,200 mg
,,,,Ibunate,200 mg
,,,,Ibucine,400 mg
,,,,Bren,400 mg
,,Aspirin,Acetylsalicylic acid,Soluspirin (was aspirin soluble),300 mg
,,,,Aspirin teva,80 mg
,,,,Coprin,100 mg
,,,,Disprin,300 mg
309E,Diseases and disorders of aortic valve NOS,"Antithrombotic Agents
- Vitamin K antagonists",Warfarin,Cipla-warfarin,5 mg
,,,,Warfarin 5mg austell,5 mg
,,,,Warfarin 5 unicorn,5 mg
,,,,Segavin,5 mg
338S,Cholera; Rat-bite fever,"Antibacterial Agents, systemic",Amoxicillin,Amyn s,125 mg/5 mL
,,,,Zaloxy,125 mg/5 mL
,,,,Allmox s,125 mg/5 mL
,,,,Betamox s,125 mg/5 mL
,,,,Zoxil s,125 mg/5 mL
,,,,Moxymax s,125 mg/5 mL
,,,,Amoxicillin unimed,125 mg/5 mL
,,,,Austell-amoxicillin,250 mg
,,,,Allmox,250 mg
338S,Cholera; Rat-bite fever,"Antibacterial Agents, systemic",Amoxicillin,Moxymax,250 mg
,,,,Amoxicap,250 mg
,,,,Betamox,250 mg
,,,,Amyn sf,250 mg/5 mL
,,,,Zaloxy,250 mg/5 mL
,,,,Allmox sf,250 mg/5 mL
,,,,Moxymax sf,250 mg/5 mL
,,,,Amoxicillin unimed,250 mg/5 mL
,,,,Austell-amoxicillin,500 mg
,,,,Allmox,500 mg
,,,,Moxymax,500 mg
,,,Amoxicillin and Beta-lactamase inhibitor,Amoclan S,"156,25 mg/5 mL"
,,,,Sandoz co-amoxyclav s,"156,25 mg/5 ml"
,,,,Ranclav,"156,25 mg/5 mL"
,,,,Bio-amoksiklav s,"156,25 mg/5 mL"
,,,,Clamentin s,"156,25 mg/5 mL"
,,,,Auro-amoxiclav,"156,25 mg/5 mL"
,,,,Amoclan SF,"312,5 mg/5 mL"
,,,,Sandoz co-amoclav sf,"312,5 mg/5 mL"
,,,,Ranclav forte,"312,5 mg/5 mL"
,,,,Adco amoxyclav,375 mg
,,,,Austell-co-amoxiclav,375 mg
,,,,Auro-amoxiclav,375 mg
,,,,Sandoz co-amoxyclav,375 mg
,,,,Bindoclav,375 mg
,,,,Myclav,375 mg
,,,,Bio-amoksiklav,375 mg
,,,,Sandoz co-amoxyclav bd sf,457 mg/5 mL
,,,,Curam bd,457 mg/5 mL
,,,,Austell co-amoxiclav bd sf,457 mg/5 mL
,,,,Ranclav,625 mg
,,,,Austell-co-amoxiclav,625 mg
338S,Cholera; Rat-bite fever,"Antibacterial Agents, systemic",Amoxicillin and Beta-lactamase inhibitor,Auro-amoxiclav,625 mg
,,,,Myclav,625 mg
,,,,Sandoz co-amoxyclav,625 mg
,,,Cefalexin,Ranceph,125 mg/5 mL
,,,,Ranceph,250 mg
,,,,Ranceph,250 mg/5 mL
,,,,Cefalexin alkem,500 mg
,,,,Ranceph,500 mg
,,,Ciprofloxacin,Biotech ciprofloxacin,250 mg
,,,,Cpl alliance ciprofloxacin,250 mg
,,,,Ciprogen,250 mg
,,,,Cifran 500,500 mg
,,,,Cpl alliance ciprofloxacin,500 mg
,,,,Biotech ciprofloxacin,500 mg
,,,,Ciprogen,500 mg
,,,,Austell ciprofloxacin,500 mg
,,,Clarithromycin,Claren granules,125 mg/5 mL
,,,,Klaryvid,250 mg
,,,,Klaribin,250 mg
,,,,Claren granules,250 mg/5 mL
,,,,Klaribin,500 mg
,,,,Klaryvid,500 mg
,,,,Clarihexal 125 P,125 mg/ 5 mL
,,,,Clarihexal 250 P,250 mg/ 5 mL
,,,,Mylan clarithromycin,500 mg
,,,Clarithromycin,Klarizon,500 mg
,,,Clindamycin,Clindahexal,150 mg
,,,,Clindamycin actor,150 mg
,,,Cloxacillin,Cloxin,250 mg
,,,,Cloxin,500 mg
338S,Cholera; Rat-bite fever,"Antibacterial Agents, systemic",Combinations of penicillins,Apen s,250 mg
,,,,Macropen s,250 mg/5 mL
,,,,Macropen,500 mg
,,,,Apen,500 mg
,,,Doxycycline,Doxytet,100 mg
,,,,Cyclidox,100 mg
,,,,A-lennon doxycycline hcl,100 mg
,,,,Doxycyl,100 mg
,,,,Doxycycline biotech,100 mg
,,,Electrolyte replacement,Hydrolec juice + electrolytes apple,-
,,,,Hydrolec ready to drink orange,-
,,,Erythromycin,Purmycin,125 mg/5 mL
,,,,Xeramel s,125 mg/ 5mL
,,,,Xeramel sf,250 mg/ 5mL
,,,,Xeramel,250 mg
,,,,Adco-erythromycin,250 mg
,,,,Purmycin,250 mg
,,,,Eryko,250 mg
,,,,Purmycin,250 mg/5 mL
,,,Flucloxacillin,Sandoz flucloxacillin,250 mg
,,,,Flupen,250 mg
,,,,Flucloxacillin 250 oethmaan,250 mg
,,,Metronidazole,Metazol,200 mg
,,,,Bemetrazole,200 mg
,,,,Adco-metronidazole,200 mg
,,,,Trichazole,200 mg
,,,,Metagyl,200 mg
,,,,Anaerobyl,200 mg
,,,,Metagyl Forte,400 mg
,,,,Anaerobyl,400 mg
,,,,Bemetrazole,400 mg
,,,,Nidasall,400 mg
338S,Cholera; Rat-bite fever,"Antibacterial Agents, systemic",Metronidazole,Bio-metronidazole,400 mg
,,,,Metazol,400 mg
,,,,Metrazole,400 mg
,,,Nystatin,Candacide,100000 u/1 mL
,,,,Canstat oral,100000 u/1 mL
,,,,Nystacid,100000 u/1 mL
,,,Oxytetracycline,Pharmatet (yellow/orange),250 mg
,,,Sulfamethoxazole and Trimethoprim,Trixazole,480 mg
,,,,Lagatrim,480 mg
,,,,Doctrim,240 mg/5 mL
,,,,Ilvitrim,240 mg/5 mL
,,,,Purbac,240 mg/5 mL
,,,,Novatrim,240 mg/5 mL
,,,,Ilvitrim,480 mg
,,,,Nucotrim,480 mg
,,,,Cozole,480 mg
359L,Vesicoureteral reflux,"Antibacterial Agents, systemic",Amoxicillin,Amyn s,125 mg/5 mL
,,,,Zaloxy,125 mg/5 mL
,,,,Allmox s,125 mg/5 mL
,,,,Betamox s,125 mg/5 mL
,,,,Zoxil s,125 mg/5 mL
,,,,Moxymax s,125 mg/5 mL
,,,,Amyn sf,250 mg/5 mL
,,,,Zaloxy,250 mg/5 mL
,,,,Allmox sf,250 mg/5 mL
,,,,Austell-amoxicillin,500 mg
,,,,Allmox,500 mg
,,,,Moxymax,500 mg
,,,Amoxicillin and enzyme inhibitor,Amoclan S,"156,25 mg/5 mL"
,,,,Sandoz co-amoxyclav s,"156,25 mg/5 mL"
,,,,Ranclav,"156,25 mg/5 mL"
,,,,Bio-amoksiklav s,"156,25 mg/5 mL"
,,,,Clamentin s,"156,25 mg/5 mL"
359L,Vesicoureteral reflux,"Antibacterial Agents, systemic",Amoxicillin and enzyme inhibitor,Auro-amoxiclav,"156,25 mg/5 mL"
,,,,Amoclan SF,"312,5 mg/5 mL"
,,,,Sandoz co-amoclav sf,"312,5 mg/5 mL"
,,,,Ranclav forte,"312,5 mg/5 mL"
,,,,Adco amoxyclav,375 mg
,,,,Austell-co-amoxiclav,375 mg
,,,,Auro-amoxiclav,375 mg
,,,,Sandoz co-amoxyclav,375 mg
,,,,Bindoclav,375 mg
,,,,Bio-amoksiklav,375 mg
,,,,Sandoz co-amoxyclav bd sf,457 mg/5 mL
,,,,Curam bd,457 mg/5 mL
,,,,Austell co-amoxiclav bd sf,457 mg/5 mL
,,,,Ranclav,625 mg
,,,,Austell-co-amoxiclav,625 mg
,,,,Auro-amoxiclav,625 mg
,,,,Myclav,625 mg
,,,,Sandoz co-amoxyclav,625 mg
,,,Cefadroxil,Dacef,250 mg/5 mL
,,,,Dacef,500 mg/5 mL
,,,Cefalexin,Ranceph,125 mg/5 mL
,,,,Ranceph,250 mg
,,,,Ranceph,250 mg/5 mL
,,,,Cefalexin alkem,500 mg
,,,,Ranceph,500 mg
,,,Ciprofloxacin,Biotech ciprofloxacin,250 mg
,,,,Cpl alliance ciprofloxacin,250 mg
,,,,Ciprogen,250 mg
,,,,Cifran 500,500 mg
,,,,Cpl alliance ciprofloxacin,500 mg
,,,,Biotech ciprofloxacin,500 mg
359L,Vesicoureteral reflux,"Antibacterial Agents, systemic",Ciprofloxacin,Ciprogen,500 mg
,,,,Austell ciprofloxacin,500 mg
,,,Combinations of penicillins,Apen s,250 mg
,,,,Macropen s,250 mg/5 mL
,,,,Macropen,500 mg
,,,,Apen,500 mg
,,,Nalidixic acid,Winlomylon,250 mg/5 mL
,,,,Puromylon,500 mg
,,,Sulfamethoxazole and trimethoprim,Trixazole,480 mg
,,,,Lagatrim,480 mg
,,,,Doctrim,240 mg/5 mL
,,,,Ilvitrim,240 mg/5 mL
,,,,Purbac,240 mg/5 mL
,,,,Novatrim,240 mg/5 mL
,,,,Ilvitrim,480 mg
,,,,Nucotrim,480 mg
,,,,Cozole,480 mg
,,,Nitrofurantoin,Cipladantin,100 mg
,,,,Cipladantin,50 mg
35E,Acute rheumatic fever,"Antithrombotic Agents
- Vitamin K antagonists",Warfarin,Cipla-warfarin,5 mg
,,,,Segavin,5 mg
,,,,Warfarin 5mg austell,5 mg
,,,,Warfarin 5 unicorn,5 mg
,,Aspirin,Acetylsalicylic acid,Soluspirin (was aspirin soluble),300 mg
,,,,Aspirin teva,80 mg
,,,,Coprin,100 mg
,,,,Disprin,300 mg
36G,"Budd-Chiari syndrome, and other venous embolism and thrombosis","Antithrombotic Agents
- Vitamin K antagonists",Warfarin,Cipla-warfarin,5 mg
,,,,Warfarin 5mg austell,5 mg
,,,,Warfarin 5 unicorn,5 mg
,,,,Segavin,5 mg
,,High-Ceiling Diuretics,Furosemide,Furobe,40 mg
36G,"Budd-Chiari syndrome, and other venous embolism and thrombosis",High-Ceiling Diuretics,Furosemide,Mylan furosemide,40 mg
,,,,Lasix oral,50 mg/5 mL
,,"Low-Ceiling Diuretics, Excluding Thiazides",Indapamide,Mylan indapamide,"2,5 mg"
,,,,Cipla-indapamide,"2,5 mg"
,,,,Daptril,"2,5 mg"
,,,,Adco-dapamax,"2,5 mg"
,,Potassium Sparing Agents,Spironolactone,Spiractin,25 mg
,,,,Spironolactone 25mg accord,25 mg
,,,,Aldactone,25 mg
,,,,Spironolactone 25 kiara (was sandoz spironolactone),25 mg
409B,Sympathetic uveitis and degenerative disorders and conditions of globe; sight threatening thyroid optopathy,Systemic Corticosteroids - Prednisolone,Prednisolone,Aspelone,15 mg/5 mL
,,,,Adco prednisolone,15 mg/5 mL
,,,Prednisone,Panafcort,5 mg
,,,,Be-tabs prednisone,5 mg
,,,,Trolic,5 mg
447K,,Calcium Supplements,Calcium carbonate,B-cal,500 mg
,Disorders of parathyroid gland; benign neoplasm of parathyroid gland,Drugs Treating Bone Disorders - Bisphosphonates,Alendronic acid,Ostena,70 mg
,,Vitamin D and analogues,Alfacalcidol,Zodoray,"0,25 mcg"
,,,,Zodoray,1 mcg
,,,Colecalciferol,D-drops (new formulation) 30 ml,500 iu/0.5 mL
,,,Ergocalciferol,Calciferol,50000 u
,,,,Calciferol oily,5000 iu/1 mL
497E,Multiple valvular disease,"Antibacterial Agents, systemic",Amoxicillin,Amyn s,125 mg/5 mL
,,,,Zaloxy,125 mg/5 mL
,,,,Allmox s,125 mg/5 mL
,,,,Betamox s,125 mg/5 mL
,,,,Zoxil s,125 mg/5 mL
,,,,Moxymax s,125 mg/5 mL
,,,,Austell-amoxicillin,250 mg
,,,,Allmox,250 mg
,,,,Moxymax,250 mg
,,,,Betamox,250 mg
497E,Multiple valvular disease,"Antibacterial Agents, systemic",Amoxicillin,Amyn sf,250 mg/5 mL
,,,,Zaloxy,250 mg/5 mL
,,,,Allmox sf,250 mg/5 mL
,,,,Austell-amoxicillin,500 mg
,,,,Allmox,500 mg
,,,,Moxymax,500 mg
,,,Amoxicillin and enzyme inhibitor,Amoclan S,"156,25 mg/5 mL"
,,,,Sandoz co-amoxyclav s,"156,25 mg/5 mL"
,,,,Ranclav,"156,25 mg/5 mL"
,,,,Bio-amoksiklav s,"156,25 mg/5 mL"
,,,,Clamentin s,"156,25 mg/5 mL"
,,,,Auro-amoxiclav,"156,25 mg/5 mL"
,,,,Amoclan SF,"312,5 mg/5 mL"
,,,,Sandoz co-amoclav sf,"312,5 mg/5 mL"
,,,,Ranclav forte,"312,5 mg/5 mL"
,,,,Adco amoxyclav,375 mg
,,,,Austell-co-amoxiclav,375 mg
,,,,Auro-amoxiclav,375 mg
,,,,Sandoz co-amoxyclav,375 mg
,,,,Bindoclav,375 mg
,,,,Bio-amoksiklav,375 mg
,,,,Sandoz co-amoxyclav bd sf,457 mg/5 mL
,,,,Curam bd,457 mg/5 mL
,,,,Austell co-amoxiclav bd sf,457 mg/5 mL
,,,,Ranclav,625 mg
,,,,Austell-co-amoxiclav,625 mg
,,,,Auro-amoxiclav,625 mg
,,,,Myclav,625 mg
,,,,Sandoz co-amoxyclav,625 mg
,,,Phenoxymethylpenicillin,Betapen,125 mg/5 mL
497E,Multiple valvular disease,"Antibacterial Agents, systemic",Phenoxymethylpenicillin,Athlone Phenoxymethylpenicillin,125 mg/5 mL
,,,,Betapen,250 mg
,,,,Athlone phenoxymethylpenicillin,250 mg/5 mL
,,"Antithrombotic Agents
- Vitamin K antagonists",Warfarin,Cipla-warfarin,5 mg
,,,,Warfarin 5mg austell,5 mg
,,,,Warfarin 5 unicorn,5 mg
,,,,Segavin,5 mg
,,Aspirin,Acetylsalicylic acid,Soluspirin (was aspirin soluble),300 mg
,,,,Aspirin teva,80 mg
,,,,Coprin,100 mg
,,,,Disprin,300 mg
513A,Myasthenia gravis; muscular dystrophy; neuro-myopathies NOS,Other Immunosuppressive Agents - Azathioprine,Azathioprine,Azamun,50 mg
,,,,Azathioprine pch,50 mg
,,"Parasympathomimetics
- Anticholinesterases",Pyridostigmine,Mestinon,10 mg
,,,,Mestinon,60 mg
,,Systemic Corticosteroids - Prednisone,Prednisone,Panafcort,5 mg
,,,,Be-tabs prednisone,5 mg
,,,,Trolic,5 mg
516F,Oesophageal varices,"Beta blocking agents, non-selective",Propranolol,Indoblok,40 mg
,,Proton pump inhibitors,Lansoprazole,Adco-roznal,30 mg
,,,,Lancap,30 mg
,,,,Lansoprazole unicorn,30 mg
,,,Omeprazole,Omiflux,20 mg
,,,,Probitor,20 mg
,,,,Adco-omeprazole,20 mg
528M,"Menopausal management, anomalies of ovaries, primary and secondary amenorrhoea, female sex hormones abnormalities NOS, including hirsutism",Antiandrogens and estrogens,Cyproterone and estrogen,Diva-35,-
,,,,Ginette,-
528M,"Menopausal management, anomalies of ovaries, primary and secondary amenorrhoea, female sex hormones abnormalities NOS, including hirsutism",Anti-diabetic Agents - Biguanides,Metformin,Romidab,1000 mg
,,,,Diaphage,1000 mg
,,,,Mylan metformin,1000 mg
,,,,Bigsens,1000 mg
,,,,Austell-metformin,500 mg
,,,,Apex-metformin,500 mg
,,,,Accord metformin,500 mg
,,,,Gluconorm,500 mg
,,,,Romidab,500 mg
,,,,Diaphage,500 mg
,,,,Mylan metformin,500 mg
,,,,Bigsens,500 mg
,,,,Austell-metformin,850 mg
,,,,Accord metformin,850 mg
,,,,Gluconorm,850 mg
,,,,Romidab,850 mg
,,,,Diaphage,850 mg
,,,,Mylan metformin,850 mg
,,,,Bigsens,850 mg
,,,,Carbuce,850 mg
,,Estrogens,Estradiol,Estrofem,1 mg
,,,,Estrofem,2 mg
,,Hormonal Contraceptives for Systemic Use,levonorgestrel and ethinylestradiol,Famynor,-
,,,,Ovral,-
,,,,Oralcon,-
,,,Norgestrel and ethinylestradiol,Levette 0.15 mg/0.03 mg,-
,,,,Nordiol,-
,,,,Femilevo,"1,5 mg"
528M,"Menopausal management, anomalies of ovaries, primary and secondary amenorrhoea, female sex hormones abnormalities NOS, including hirsutism",Hormonal Contraceptives for Systemic Use,Norgestrel and ethinylestradiol,Logynon ed,-
,,"Progestogens and estrogens, sequential preparations",Norethisterone and estrogen,Novofem,-
,,Progestogens - Pregnen (4) derivatives,Medroxyprogesterone,Provera,10 mg
,,,,Depo-provera 1 ml,150 mg/1 mL
,,,,Provera,5 mg
645M,Congenital abnormalities of the female genitalia,Estrogens,Estradiol,Estrofem,1 mg
,,,,Estrofem,2 mg
,,"Progestogens and estrogens, sequential preparations",Norethisterone and estrogen,Novofem,-
,,Progestogens - Pregnen (4) derivatives,Medroxyprogesterone,Provera,10 mg
,,,,Depo-provera 1 ml,150 mg/1 mL
,,,,Provera,5 mg
84A,Spina Bifida,"Antibacterial Agents, systemic",Amoxicillin,Amyn s,125 mg/5 mL
,,,,Zaloxy,125 mg/5 mL
,,,,Allmox s,125 mg/5 mL
,,,,Betamox s,125 mg/5 mL
,,,,Zoxil s,125 mg/5 mL
,,,,Moxymax s,125 mg/5 mL
,,,,Austell-amoxicillin,250 mg
,,,,Allmox,250 mg
,,,,Moxymax,250 mg
,,,,Betamox,250 mg
,,,,Amyn sf,250 mg/5 mL
,,,,Zaloxy,250 mg/5 mL
,,,,Allmox sf,250 mg/5 mL
,,,,Austell-amoxicillin,500 mg
,,,,Allmox,500 mg
,,,,Moxymax,500 mg
,,,Amoxicillin and enzyme inhibitor,Amoclan S,"156,25 mg/5 mL"
,,,,Sandoz co-amoxyclav s,"156,25 mg/5 mL"
,,,,Ranclav,"156,25 mg/5 mL"
,,,,Bio-amoksiklav s,"156,25 mg/5 mL"
84A,Spina Bifida,"Antibacterial Agents, systemic",Amoxicillin and enzyme inhibitor,Clamentin s,"156,25 mg/5 mL"
,,,,Auro-amoxiclav,"156,25 mg/5 mL"
,,,,Amoclan SF,"312,5 mg/5 mL"
,,,,Sandoz co-amoclav sf,"312,5 mg/5 mL"
,,,,Ranclav forte,"312,5 mg/5 mL"
,,,,Adco amoxyclav,375 mg
,,,,Austell-co-amoxiclav,375 mg
,,,,Auro-amoxiclav,375 mg
,,,,Sandoz co-amoxyclav,375 mg
,,,,Bindoclav,375 mg
,,,,Bio-amoksiklav,375 mg
,,,,Sandoz co-amoxyclav bd sf,457 mg/5 mL
,,,,Curam bd,457 mg/5 mL
,,,,Austell co-amoxiclav bd sf,457 mg/5 mL
,,,,Ranclav,625 mg
,,,,Austell-co-amoxiclav,625 mg
,,,,Auro-amoxiclav,625 mg
,,,,Myclav,625 mg
,,,,Sandoz co-amoxyclav,625 mg
,,,Cefadroxil,Dacef,250 mg/5 mL
,,,,Dacef,500 mg/5 mL
,,,Cefalexin,Ranceph,125 mg/5 mL
,,,,Ranceph,250 mg
,,,,Ranceph,250 mg/5 mL
,,,,Cefalexin alkem,500 mg
,,,,Ranceph,500 mg
,,,Ciprofloxacin,Biotech ciprofloxacin,250 mg
,,,,Cpl alliance ciprofloxacin,250 mg
,,,,Ciprogen,250 mg
,,,,Cifran 500,500 mg
84A,Spina Bifida,"Antibacterial Agents, systemic",Ciprofloxacin,Cpl alliance ciprofloxacin,500 mg
,,,,Biotech ciprofloxacin,500 mg
,,,,Ciprogen,500 mg
,,,,Austell ciprofloxacin,500 mg
,,,Combinations of penicillins,Apen s,250 mg
,,,,Macropen s,250 mg/5 mL
,,,,Macropen,500 mg
,,,,Apen,500 mg
,,,Nalidixic acid,Winlomylon,250 mg/5 mL
,,,,Puromylon,500 mg
,,,Sulfamethoxazole and trimethoprim,Trixazole,480 mg
,,,,Lagatrim,480 mg
,,,,Doctrim,240 mg/5 mL
,,,,Ilvitrim,240 mg/5 mL
,,,,Purbac,240 mg/5 mL
,,,,Novatrim,240 mg/5 mL
,,,,Ilvitrim,480 mg
,,,,Nucotrim,480 mg
,,,,Cozole,480 mg
900L,"Hyperplasia of the prostate, with acute urinary retention or obstructive renal failure",Antiadrenergic agents - Alpha-adrenoreceptor antagonists,Doxazosin,Cardugen (was merck-doxazosin),1 mg
,,,,Cardugen (was merck-doxazosin),4 mg
,,,,Urodoxa,4 mg
,,,Tamsulosin,Beniprosin sr,"0,4 mg"
,,,,Tamsul sr,"0,4 mg"
,,,,Pravlex sr,"0,4 mg"
,,,,Omsal,"0,4 mg"
,,"Antibacterial Agents, systemic",Amoxicillin,Amyn s,125 mg/5 mL
,,,,Zaloxy,125 mg/5 mL
,,,,Allmox s,125 mg/5 mL
,,,,Betamox s,125 mg/5 mL
,,,,Zoxil s,125 mg/5 mL
900L,"Hyperplasia of the prostate, with acute urinary retention or obstructive renal failure","Antibacterial Agents, systemic",Amoxicillin,Moxymax s,125 mg/5 mL
,,,,Austell-amoxicillin,250 mg
,,,,Allmox,250 mg
,,,,Moxymax,250 mg
,,,,Betamox,250 mg
,,,,Amyn sf,250 mg/5 mL
,,,,Zaloxy,250 mg/5 mL
,,,,Allmox sf,250 mg/5 mL
,,,,Austell-amoxicillin,500 mg
,,,,Allmox,500 mg
,,,,Moxymax,500 mg
,,,Amoxicillin and enzyme inhibitor,Amoclan S,"156,25 mg/5 mL"
,,,,Sandoz co-amoxyclav s,"156,25 mg/5 mL"
,,,,Ranclav,"156,25 mg/5 mL"
,,,,Bio-amoksiklav s,"156,25 mg/5 mL"
,,,,Clamentin s,"156,25 mg/5 mL"
,,,,Auro-amoxiclav,"156,25 mg/5 mL"
,,,,Amoclan SF,"312,5 mg/5 mL"
,,,,Sandoz co-amoclav sf,"312,5 mg/5 mL"
,,,,Ranclav forte,"312,5 mg/5 mL"
,,,,Adco amoxyclav,375 mg
,,,,Austell-co-amoxiclav,375 mg
,,,,Auro-amoxiclav,375 mg
,,,,Sandoz co-amoxyclav,375 mg
,,,,Bindoclav,375 mg
,,,,Bio-amoksiklav,375 mg
,,,,Sandoz co-amoxyclav bd sf,457 mg/5 mL
,,,,Curam bd,457 mg/5 mL
,,,,Austell co-amoxiclav bd sf,457 mg/5 mL
,,,,Ranclav,625 mg
,,,,Austell-co-amoxiclav,625 mg
900L,"Hyperplasia of the prostate, with acute urinary retention or obstructive renal failure","Antibacterial Agents, systemic",Amoxicillin and enzyme inhibitor,Auro-amoxiclav,625 mg
,,,,Myclav,625 mg
,,,,Sandoz co-amoxyclav,625 mg
,,,Cefadroxil,Dacef,250 mg/5 mL
,,,,Dacef,500 mg/5 mL
,,,Cefalexin,Ranceph,125 mg/5 mL
,,,,Ranceph,250 mg
,,,,Ranceph,250 mg/5 mL
,,,,Cefalexin alkem,500 mg
,,,,Ranceph,500 mg
,,,Ciprofloxacin,Biotech ciprofloxacin,250 mg
,,,,Cpl alliance ciprofloxacin,250 mg
,,,,Austell ciprofloxacin,500 mg
,,,,Ciprogen,250 mg
,,,,Cifran 500,500 mg
,,,,Cpl alliance ciprofloxacin,500 mg
,,,,Biotech ciprofloxacin,500 mg
,,,,Ciprogen,500 mg
,,,Combinations of penicillins,Apen s,250 mg
,,,,Macropen s,250 mg/5 mL
,,,,Macropen,500 mg
,,,,Apen,500 mg
,,,Nalidixic acid,Winlomylon,250 mg/5 mL
,,,,Puromylon,500 mg
,,,Sulfamethoxazole and trimethoprim,Trixazole,480 mg
,,,,Lagatrim,480 mg
,,,,Doctrim,240 mg/5 mL
,,,,Ilvitrim,240 mg/5 mL
,,,,Purbac,240 mg/5 mL
,,,,Novatrim,240 mg/5 mL
,,,,Ilvitrim,480 mg
,,,,Nucotrim,480 mg
900L,"Hyperplasia of the prostate, with acute urinary retention or obstructive renal failure","Antibacterial Agents, systemic",Sulfamethoxazole and trimethoprim,Cozole,480 mg
,,,Nitrofurantoin,Cipladantin,100 mg
,,,,Cipladantin,50 mg
900S,Aplastic anaemia; agranulocytosis; other life-threatening hereditary immune deficiencies,Alkylating Agents - Nitrogen Mustard Analogues,Cyclophosphamide,Endoxan,50 mg
,,"Antibacterial Agents, systemic",Amoxicillin,Amyn s,125 mg/5 mL
,,,,Zaloxy,125 mg/5 mL
,,,,Allmox s,125 mg/5 mL
,,,,Betamox s,125 mg/5 mL
,,,,Zoxil s,125 mg/5 mL
,,,,Moxymax s,125 mg/5 mL
,,,,Austell-amoxicillin,250 mg
,,,,Allmox,250 mg
,,,,Moxymax,250 mg
,,,,Betamox,250 mg
,,,,Amyn sf,250 mg/5 mL
,,,,Zaloxy,250 mg/5 mL
,,,,Allmox sf,250 mg/5 mL
,,,,Austell-amoxicillin,500 mg
,,,,Allmox,500 mg
,,,,Moxymax,500 mg
,,,Amoxicillin and enzyme inhibitor,Amoclan S,"156,25 mg/5 mL"
,,,,Sandoz co-amoxyclav s,"156,25 mg/5 mL"
,,,,Ranclav,"156,25 mg/5 mL"
,,,,Bio-amoksiklav s,"156,25 mg/5 mL"
,,,,Clamentin s,"156,25 mg/5 mL"
,,,,Auro-amoxiclav,"156,25 mg/5 mL"
,,,,Amoclan SF,"312,5 mg/5 mL"
,,,,Sandoz co-amoclav sf,"312,5 mg/5 mL"
,,,,Ranclav forte,"312,5 mg/5 mL"
,,,,Adco amoxyclav,375 mg
,,,,Austell-co-amoxiclav,375 mg
,,,,Auro-amoxiclav,375 mg
900S,Aplastic anaemia; agranulocytosis; other life-threatening hereditary immune deficiencies,"Antibacterial Agents, systemic",Amoxicillin and enzyme inhibitor,Sandoz co-amoxyclav,375 mg
,,,,Bindoclav,375 mg
,,,,Bio-amoksiklav,375 mg
,,,,Sandoz co-amoxyclav bd sf,457 mg/5 mL
,,,,Curam bd,457 mg/5 mL
,,,,Austell co-amoxiclav bd sf,457 mg/5 mL
,,,,Ranclav,625 mg
,,,,Austell-co-amoxiclav,625 mg
,,,,Auro-amoxiclav,625 mg
,,,,Myclav,625 mg
,,,,Sandoz co-amoxyclav,625 mg
,,,Cefadroxil,Dacef,250 mg/5 mL
,,,,Dacef,500 mg/5 mL
,,,Cefalexin,Ranceph,125 mg/5 mL
,,,,Ranceph,250 mg
,,,,Ranceph,250 mg/5 mL
,,,,Cefalexin alkem,500 mg
,,,,Ranceph,500 mg
,,,Ciprofloxacin,Biotech ciprofloxacin,250 mg
,,,,Cpl alliance ciprofloxacin,250 mg
,,,,Ciprogen,250 mg
,,,,Cifran 500,500 mg
,,,,Cpl alliance ciprofloxacin,500 mg
,,,,Biotech ciprofloxacin,500 mg
,,,,Austell ciprofloxacin,500 mg
,,,,Ciprogen,500 mg
,,,Combinations of penicillins,Apen s,250 mg
,,,,Macropen s,250 mg/5 mL
,,,,Macropen,500 mg
900S,Aplastic anaemia; agranulocytosis; other life-threatening hereditary immune deficiencies,"Antibacterial Agents, systemic",Combinations of penicillins,Apen,500 mg
,,,Nalidixic acid,Winlomylon,250 mg/5 mL
,,,,Puromylon,500 mg
,,Immunosuppressants - Calcineurin inhibitors,Ciclosporin,Sandimmun neoral soft gel,100 mg
,,,,Sandimmun neoral soft gel,25 mg
901A,,"Antithrombotic Agents
- Vitamin K antagonists",Warfarin,Cipla-warfarin,5 mg
,,,,Segavin,5 mg
,"Stroke – due to hemorrhage, or ischaemia",,,Warfarin 5mg austell,5 mg
,,,,Warfarin 5 unicorn,5 mg
,,Aspirin,Acetylsalicylic acid,Aspirin teva,80 mg
,,,,Coprin,100 mg
,,,,Soluspirin (was aspirin soluble),300 mg
,,,,Disprin,300 mg
901E,Hypertension – acute life-threatening complications and malignant hypertension; renal artery stenosis and other curable hypertension,"Antithrombotic Agents
- Vitamin K antagonists",Warfarin,Cipla-warfarin,5 mg
,,,,Warfarin 5mg austell,5 mg
,,,,Warfarin 5 unicorn,5 mg
,,,,Segavin,5 mg
,,Selective Calcium Channel Blockers with Direct Cardiac Effects,Diltiazem,Adco-zildem sr,180 mg
,,,,Adco-zildem sr,240 mg
,,,,Adco-zildem,60 mg
,,,Verapamil,Verahexal 240 sr,240 mg
,,,,Verapamil 40 oethmaan,40 mg
,,Selective Calcium Channel Blockers with Mainly Vascular Effects,Amlodipine,Aprate,10 mg
,,,,Austell-amlodipine,10 mg
,,,,Amtas,10 mg
,,,,Amloc,10 mg
,,,,Amlodipine unicorn,10 mg
,,,,Amlodac,10 mg
,,,,Amlovasc,10 mg
,,,,Pendine,10 mg
,,,,Vasloc,10 mg
901E,Hypertension – acute life-threatening complications and malignant hypertension; renal artery stenosis and other curable hypertension,Selective Calcium Channel Blockers with Mainly Vascular Effects,Amlodipine,Ciplavasc,10 mg
,,,,Aprate,5 mg
,,,,Pendine,5 mg
,,,,Amtas,5 mg
,,,,Pendine,5 mg
,,,,Amloc,5 mg
,,,,Amlodipine unicorn,5 mg
,,,,Amlodac,5 mg
,,,,Amlovasc,5 mg
,,,,Austell-amlodipine,5 mg
,,,,Vasloc,5 mg
,,,,Ciplavasc,5 mg
,,,Nifedipine,Cipalat retard,20 mg
,,Vasodilators in Cardiac Disease - Organic Nitrates,Isosorbide dinitrate,Sandoz isosorbide dinitrate,10 mg
,,,,Sandoz isosorbide dinitrate,5 mg
,,,Isosorbide mononitrate,Ismo,20 mg
,,,,Monicor sr,60 mg
901J,"Disseminated bullous skin disease, including pemphigus, pemphigoid, epidermolysis bullosa, epidermolytic hyperkeratosis",Drugs for the treatment of Leprosy,Dapsone,Dapsone,100 mg
,,Folic acid and derivatives,Folic acid,Gulf folic acid,5 mg
,,,,Be-tabs folic acid,5 mg
,,Other Immunosuppressive Agents - Azathioprine,Azathioprine,Azamun,50 mg
,,,,Azathioprine pch,50 mg
,,Other Immunosuppressive Agents - Methotrexate,Methotrexate,Methotrexate,"2,5 mg"
,,Potassium Supplements,Potassium chloride,Ultipot,600 mg
,,"Antibacterial Agents, systemic",Metronidazole,Metazol,200 mg
,,,,Bemetrazole,200 mg
,,,,Adco-metronidazole,200 mg
,,,,Trichazole,200 mg
,,,,Metagyl,200 mg
901J,"Disseminated bullous skin disease, including pemphigus, pemphigoid, epidermolysis bullosa, epidermolytic hyperkeratosis","Antibacterial Agents, systemic",Metronidazole,Anaerobyl,200 mg
,,,,Metagyl Forte,400 mg
,,,,Anaerobyl,400 mg
,,,,Bemetrazole,400 mg
,,,,Bio-metronidazole,400 mg
,,,,Metazol,400 mg
,,,,Metrazole,400 mg
,,,,Nidasall,400 mg
,,,Amoxicillin,Amyn s,125 mg/ 5 mL
,,,,Zaloxy,125 mg/5 mL
,,,,Allmox s,125 mg/5 mL
,,,,Betamox s,125 mg/5 mL
,,,,Zoxil s,125 mg/5 mL
,,,,Moxymax s,125 mg/5 mL
,,,,Amoxicillin unimed,125 mg/5 mL
,,,,Amyn sf,250 mg/5 mL
,,,,Zaloxy,250 mg/5 mL
,,,,Allmox sf,250 mg/5 mL
,,,,Moxymax sf,250 mg/5 mL
,,,,Amoxicillin unimed,250 mg/5 mL
,,,,Austell-amoxicillin,250 mg
,,,,Allmox,250 mg
,,,,Moxymax,250 mg
,,,,Amoxicap,250 mg
,,,,Betamox,250 mg
,,,,Austell-amoxicillin,500 mg
,,,,Allmox,500 mg
,,,,Moxymax,500 mg
,,,Amoxicillin and enzyme inhibitor,Amoclan S,"156,25 mg/5 mL"
,,,,Sandoz co-amoxyclav s,"156,25 mg/5 mL"
,,,,Ranclav,"156,25 mg/5 mL"
,,,,Bio-amoksiklav s,"156,25 mg/5 mL"
,,,,Clamentin s,"156,25 mg/5 mL"
,,,,Auro-amoxiclav,"156,25 mg/5 mL"
901J,"Disseminated bullous skin disease, including pemphigus, pemphigoid, epidermolysis bullosa, epidermolytic hyperkeratosis","Antibacterial Agents, systemic",Amoxicillin and enzyme inhibitor,Sandoz co-amoxyclav bd sf,457 mg/5 mL
,,,,Curam bd,457 mg/5 mL
,,,,Austell co-amoxiclav bd sf,457 mg/5 mL
,,,,Adco amoxyclav,375 mg
,,,,Austell-co-amoxiclav,375 mg
,,,,Auro-amoxiclav,375 mg
,,,,Sandoz co-amoxyclav,375 mg
,,,,Bindoclav,375 mg
,,,,Myclav,375 mg
,,,,Bio-amoksiklav,375 mg
,,,,Amoclan SF,"312,5 mg/5 mL"
,,,,Sandoz co-amoclav sf,"312,5 mg/5 mL"
,,,,Ranclav forte,"312,5 mg/5 mL"
,,,,Ranclav,625 mg
,,,,Austell-co-amoxiclav,625 mg
,,,,Auro-amoxiclav,625 mg
,,,,Sandoz co-amoxyclav,625 mg
,,,,Myclav,625 mg
,,,Cefalexin,Ranceph,125 mg/5 mL
,,,,Ranceph,250 mg/5 mL
,,,,Ranceph,250 mg
,,,,Cefalexin alkem,500 mg
,,,,Ranceph,500 mg
,,,Combinations of penicillins,Macropen s,250 mg/5 mL
,,,,Macropen,500 mg
,,,,Apen s,250 mg
,,,,Apen,500 mg
,,,,Sandoz flucloxacillin,250 mg
,,,,Flucloxacillin 250 oethmaan,250 mg
,,,,Flupen,250 mg
,,,,Macropen s,250 mg/5 mL
,,,Clindamycin,Clindahexal,150 mg
901J,"Disseminated bullous skin disease, including pemphigus, pemphigoid, epidermolysis bullosa, epidermolytic hyperkeratosis","Antibacterial Agents, systemic",Clindamycin,Clindamycin actor,150 mg
,,,Erythromycin,Purmycin,125 mg/5 mL
,,,,Xeramel s,125 mg/5 mL
,,,,Purmycin,250 mg/5 mL
,,,,Xeramel sf,250 mg/5 mL
,,,,Xeramel,250 mg
,,,,Adco-erythromycin,250 mg
,,,,Purmycin,250 mg
,,,,Eryko,250 mg
,,,Clarithromycin,Claren granules,125 mg/5 mL
,,,,Clarihexal 125 P,125 mg/5 mL
,,,,Claren granules,250 mg/5 mL
,,,,Clarihexal 250 P,250 mg/5  mL
,,,,Klaryvid,250 mg
,,,,Klaribin,250 mg
,,,,Klaribin,500 mg
,,,,Klaryvid,500 mg
,,,,Klarizon,500 mg
,,,,Mylan clarithromycin,500 mg
,,,Ciprofloxacin,Biotech ciprofloxacin,250 mg
,,,,Cpl alliance ciprofloxacin,250 mg
,,,,Ciprogen,250 mg
,,,,Cifran 500,250 mg
,,,,Cpl alliance ciprofloxacin,250 mg
,,,,Biotech ciprofloxacin,500 mg
,,,,Ciprogen,500 mg
,,,,Austell ciprofloxacin,500 mg
,,,,Biotech ciprofloxacin,500 mg
,,,,Cpl alliance ciprofloxacin,500 mg
,,,Cloxacillin,Cloxin,250 mg
,,,,Cloxin,500 mg
,,,Sulfamethoxazole and Trimethoprim,Doctrim,-
901J,"Disseminated bullous skin disease, including pemphigus, pemphigoid, epidermolysis bullosa, epidermolytic hyperkeratosis","Antibacterial Agents, systemic",Sulfamethoxazole and Trimethoprim,Ilvitrim,-
,,,,Purbac,-
,,,,Novatrim,-
,,,,Ilvitrim,-
,,,,Nucotrim,-
,,,,Cozole,-
,,,,Trixazole,480 mg
,,,,Lagatrim,480 mg
,,,Doxycycline,Doxytet,100 mg
,,,,Cyclidox,100 mg
,,,,A-lennon doxycycline hcl,100 mg
,,,,Doxycyl,100 mg
,,,,Doxycycline biotech,100 mg
,,,Oxytetracycline,Pharmatet (yellow/orange),250 mg
,,Topical Corticosteroids,Hydrocortisone,Biocort (stx),-
,,,,Vari-hydrocortisone,1%
,,,Betamethasone,Vari-betamethasone,"0,1%"
,,,,Repivate,"0,1%"
,,,,Topivate,"0,1%"
,,Systemic Corticosteroids - Prednisolone,Prednisolone,Aspelone,15 mg/5 mL
,,,,Adco prednisolone,15 mg/5 mL
,,Systemic Corticosteroids - Prednisone,Prednisone,Panafcort,5 mg
,,,,Be-tabs prednisone,5 mg
,,,,Trolic,5 mg
902E,Disorders of arteries: visceral,Aspirin,Acetylsalicylic acid,Soluspirin (was aspirin soluble),300 mg
,,,,Aspirin teva,80 mg
,,,,Coprin,100 mg
,,,,Disprin,300 mg
,,Systemic Corticosteroids - Prednisolone,Prednisolone,Aspelone,15 mg/5 mL
,,,,Adco prednisolone,15 mg/5 mL
,,,Prednisone,Panafcort,5 mg
,,,,Be-tabs prednisone,5 mg
902E,Disorders of arteries: visceral,Systemic Corticosteroids - Prednisolone,Prednisone,Trolic,5 mg
902F,Gastric or intestinal ulcers with,"Antibacterial Agents, systemic",Amoxicillin,Amyn s,125 mg/5 mL
,,,,Zaloxy,125 mg/5 mL
,hemorrhage or perforation,,,Allmox s,125 mg/5 mL
,,,,Betamox s,125 mg/5 mL
,,,,Zoxil s,125 mg/5 mL
,,,,Moxymax s,125 mg/5 mL
,,,,Amoxicillin unimed,125 mg/5 mL
,,,,Amoxicap,250 mg
,,,,Austell-amoxicillin,250 mg
,,,,Allmox,250 mg
,,,,Moxymax,250 mg
,,,,Betamox,250 mg
,,,,Moxymax sf,250 mg/5 mL
,,,,Amoxicillin unimed,250 mg/5 mL
,,,,Amyn sf,250 mg/5 mL
,,,,Zaloxy,250 mg/5 mL
,,,,Allmox sf,250 mg/5 mL
,,,,Austell-amoxicillin,500 mg
,,,,Allmox,500 mg
,,,,Moxymax,500 mg
,,,Clarithromycin,Claren granules,125 mg/5 mL
,,,,Clarihexal 125 P,125 mg/5 mL
,,,,Klaryvid,250 mg
,,,,Klaribin,250 mg
,,,,Clarihexal 250 P,250 mg/5 mL
,,,,Claren granules,250 mg/5 mL
,,,,Mylan clarithromycin,500 mg
,,,,Klaribin,500 mg
,,,,Klaryvid,500 mg
,,,,Klarizon,500 mg
,,,Metronidazole,Metazol,200 mg
,,,,Bemetrazole,200 mg
902F,Gastric or intestinal ulcers with hemorrhage or perforation,"Antibacterial Agents, systemic",Metronidazole,Adco-metronidazole,200 mg
,,,,Trichazole,200 mg
,,,,Metagyl,200 mg
,,,,Anaerobyl,200 mg
,,,,Metagyl Forte,400 mg
,,,,Anaerobyl,400 mg
,,,,Bemetrazole,400 mg
,,,,Nidasall,400 mg
,,,,Bio-metronidazole,400 mg
,,,,Metazol,400 mg
,,,,Metrazole,400 mg
,,H2-Receptor blockers,Cimetadine,Bio-cimetidine,200 mg
,,,,Cimlok,200 mg
,,,,Adco-cimetidine,200 mg
,,,,Adco-cimetidine,400 mg
,,,,Cimlok,400 mg
,,,,Lenamet,400 mg
,,,,Bio-cimetidine,400 mg
,,Proton pump inhibitors,Lansoprazole,Adco-roznal,30 mg
,,,,Lancap,30 mg
,,,,Lansoprazole unicorn,30 mg
,,,Omeprazole,Omiflux,20 mg
,,,,Probitor,20 mg
,,,,Adco-omeprazole,20 mg
902K,Disorder of adrenal secretion NOS,Potassium Sparing Agents,Spironolactone,Spiractin,25 mg
,,,,Spironolactone 25mg accord,25 mg
,,,,Aldactone,25 mg
,,,,Spironolactone 25 kiara (was sandoz spironolactone),25 mg
,,Systemic Corticosteroids - Hydrocortisone,Hydrocortisone,Covocort,10 mg
,,Systemic Corticosteroids - Mineralocorticoids,Fludrocortisone,Florinef acetate,"0,1 mg"
902K,Disorder of adrenal secretion NOS,Systemic Corticosteroids - Prednisone,Prednisone,Panafcort,5 mg
,,,,Be-tabs prednisone,5 mg
,,,,Trolic,5 mg
902M,Infertility (Explanatory Note 9 of Annexure A of Regulations),Anti-diabetic Agents - Biguanides,Metformin,Bigsens,1000 mg
,,,,Romidab,1000 mg
,,,,Diaphage,1000 mg
,,,,Mylan metformin,1000 mg
,,,,Austell-metformin,500 mg
,,,,Apex-metformin,500 mg
,,,,Accord metformin,500 mg
,,,,Bigsens,500 mg
,,,,Gluconorm,500 mg
,,,,Romidab,500 mg
,,,,Diaphage,500 mg
,,,,Mylan metformin,500 mg
,,,,Austell-metformin,850 mg
,,,,Accord metformin,850 mg
,,,,Bigsens,850 mg
,,,,Carbuce,850 mg
,,,,Gluconorm,850 mg
,,,,Romidab,850 mg
,,,,Diaphage,850 mg
,,,,Mylan metformin,850 mg
903E,Life-threatening cardiac arrhythmias,"Antiarrhythmics, class III - Amiodarone",Amiodarone,Hexarone,100 mg
,,,,Hexarone,200 mg
,,"Antithrombotic Agents
- Vitamin K antagonists",Warfarin,Cipla-warfarin,5 mg
,,,,Warfarin 5mg austell,5 mg
,,,,Warfarin 5 unicorn,5 mg
,,,,Segavin,5 mg
,,Aspirin,Acetylsalicylic acid,Soluspirin (was aspirin soluble),300 mg
903E,Life-threatening cardiac arrhythmias,Aspirin,Acetylsalicylic acid,Aspirin teva,80 mg
,,,,Coprin,100 mg
,,,,Disprin,300 mg
,,"Beta blocking agents, non-selective",Propranolol,Indoblok,40 mg
,,,Sotalol,Sotahexal,160 mg
,,,,Sotahexal,80 mg
,,"Beta blocking agents, selective",Atenolol,Atenolol 100 arya,100 mg
,,,,B-block,100 mg
,,,,Tenopress,100 mg
,,,,Tenopress,50 mg
,,,,B-block,50 mg
,,Cardiac Glycosides - Digoxin,Digoxin,Lanoxin paediatric/geriatric,"0,05 mg/1 mL"
,,,,Lanoxin,"0,0625 mg"
,,,,Lanoxin,"0,25 mg"
,,Selective Calcium Channel Blockers with Direct Cardiac Effects,Verapamil,Verahexal 240 sr,240 mg
,,,,Verapamil 40 oethmaan,40 mg
903K,Life threatening disorders of fluid and electrolyte imbalance,Salt Supplement,Sodium chloride,Saltabs,-
903L,Acute glomerulonephritis and nephritic syndrome,"Ace Inhibitors, Plain",Captopril,Mylan captopril,25 mg
,,,,Mylan captopril,50 mg
,,,Enalapril,Tenezil,10 mg
,,,,Natrapress,10 mg
,,,,Enalapril 10 arya,10 mg
,,,,Natrapress,20 mg
,,,,Enalapril 20 arya,20 mg
,,,,Tenezil,20 mg
,,,,Hypace,5 mg
,,,,Enalapril 5 arya,5 mg
903L,Acute glomerulonephritis,"Ace Inhibitors, Plain",Lisinopril,Adco-zetomax,10 mg
,,,,Lizro,20 mg
,and nephritic syndrome,,,Adco-zetomax,20 mg
,,,,Adco-zetomax,5 mg
,,Alkylating Agents - Nitrogen Mustard Analogues,Cyclophosphamide,Endoxan,50 mg
,,Immunosuppressants - Calcineurin inhibitors,Ciclosporin,Sandimmun neoral soft gel,100 mg
,,,,Sandimmun neoral soft gel,25 mg
,,Systemic Corticosteroids - Prednisolone,Prednisolone,Aspelone,15 mg/5 mL
,,,,Adco prednisolone,15 mg/5 mL
,,,Prednisone,Panafcort,5 mg
,,,,Be-tabs prednisone,5 mg
,,Systemic Corticosteroids - Prednisolone,Prednisone,Trolic,5 mg
903S,"Deep-seated (excluding nail infections), disseminated and systemic fungal infections",Systemic Antifungals,Fluconazole,Mycorest,200 mg
,,,,Auro fluconazole,200 mg
,,,,Fluconazole strides,200 mg
,,,,Austell fluconazole,200 mg
,,,,Cipla-fluconazole,200 mg
,,Systemic Corticosteroids - Prednisolone,Prednisolone,Aspelone,15 mg/5 mL
,,,,Adco prednisolone,15 mg/5 mL
,,Systemic Corticosteroids - Prednisone,Prednisone,Panafcort,5 mg
,,,,Be-tabs prednisone,5 mg
,,,,Trolic,5 mg
904K,Hyper and hypothyroidism with life-threatening complications or requiring surgery,Antithyroid Preparations,Carbimazole,Thimatrin,5 mg
,,,,Biroida,5 mg
,,"Beta blocking agents, non-selective",Propranolol,Indoblok,40 mg
904L,Acute and chronic pyelonephritis; renal,"Antibacterial Agents, systemic",Amoxicillin,Amyn s,125 mg/5 mL
,,"Antibacterial Agents, systemic",Amoxicillin,Allmox s,125 mg/5 mL
,,,,Zaloxy,125 mg/5 mL
,,,,Betamox s,125 mg/5 mL
,,,,Zoxil s,125 mg/5 mL
904L,Acute and chronic pyelonephritis; renal and perinephric abscess,,,Moxymax s,125 mg/5 mL
,,,,Amoxicillin unimed,125 mg/5 mL
,,,,Amoxicap,250 mg
,,,,Austell-amoxicillin,250 mg
,,,,Allmox,250 mg
,,,,Moxymax,250 mg
,,,,Betamox,250 mg
,,,,Moxymax sf,250 mg/5 mL
,,,,Amoxicillin unimed,250 mg/5 mL
,,,,Amyn sf,250 mg/5 mL
,,,,Zaloxy,250 mg/5 mL
,,,,Allmox sf,250 mg/5 mL
,,,,Austell-amoxicillin,500 mg
,,,,Allmox,500 mg
,,,,Moxymax,500 mg
,,,Amoxicillin and enzyme inhibitor,Amoclan S,"156,25 mg/5 mL"
,,,,Sandoz co-amoxyclav s,"156,25 mg/5 mL"
,,,,Ranclav,"156,25 mg/5 mL"
,,,,Bio-amoksiklav s,"156,25 mg/5 mL"
,,,,Clamentin s,"156,25 mg/5 mL"
,,,,Auro-amoxiclav,"156,25 mg/5 mL"
,,,,Amoclan SF,"312,5 mg/5 mL"
,,,,Sandoz co-amoclav sf,"312,5 mg/5 mL"
,,,,Ranclav forte,"312,5 mg/5 mL"
,,,,Adco amoxyclav,375 mg
,,,,Austell-co-amoxiclav,375 mg
,,,,Auro-amoxiclav,375 mg
,,,,Sandoz co-amoxyclav,375 mg
,,,,Bindoclav,375 mg
,,,,Bio-amoksiklav,375 mg
904L,Acute and chronic pyelonephritis; renal and perinephric abscess,"Antibacterial Agents, systemic",Amoxicillin and enzyme inhibitor,Myclav,375 mg
,,,,Sandoz co-amoxyclav bd sf,457 mg/5 mL
,,,,Curam bd,457 mg/5 mL
,,,,Austell co-amoxiclav bd sf,457 mg/5 mL
,,,,Ranclav,625 mg
,,,,Austell-co-amoxiclav,625 mg
,,,,Auro-amoxiclav,625 mg
,,,,Myclav,625 mg
,,,,Sandoz co-amoxyclav,625 mg
,,,Cefadroxil,Dacef,250 mg/5 mL
,,,,Dacef,500 mg/5 mL
,,,Cefalexin,Ranceph,125 mg/5 mL
,,,,Ranceph,250 mg
,,,,Ranceph,250 mg/5 mL
,,,,Cefalexin alkem,500 mg
,,,,Ranceph,500 mg
,,,Ciprofloxacin,Biotech ciprofloxacin,250 mg
,,,,Cpl alliance ciprofloxacin,250 mg
,,,,Ciprogen,250 mg
,,,,Cifran 500,500 mg
,,,,Cpl alliance ciprofloxacin,500 mg
,,,,Biotech ciprofloxacin,500 mg
,,,,Ciprogen,500 mg
,,,,Austell ciprofloxacin,500 mg
,,,Combinations of penicillins,Apen s,250 mg
,,,,Macropen s,250 mg/5 mL
,,,,Macropen,500 mg
,,,,Apen,500 mg
,,,Nalidixic acid,Winlomylon,250 mg/5 mL
,,,,Puromylon,500 mg
,,,Nitrofurantoin,Cipladantin,100 mg
,,,,Cipladantin,50 mg
904L,Acute and chronic pyelonephritis; renal and perinephric abscess,"Antibacterial Agents, systemic",Sulfamethoxazole and trimethoprim,Trixazole,480 mg
,,,,Lagatrim,480 mg
,,,,Doctrim,240 mg/5 mL
,,,,Ilvitrim,240 mg/5 mL
,,,,Purbac,240 mg/5 mL
,,,,Novatrim,240 mg/5 mL
,,,,Ilvitrim,480 mg
,,,,Nucotrim,480 mg
,,,,Cozole,480 mg
,,Urinary alkalisers,-,Medi soda effervescent,-
905E,Other correctable congenital cardiac conditions,"Ace Inhibitors, Plain",Captopril,Mylan captopril,25 mg
,,,,Mylan captopril,50 mg
,,,Enalapril,Tenezil,10 mg
,,,,Natrapress,10 mg
,,,,Enalapril 10 arya,10 mg
,,,,Natrapress,20 mg
,,,,Enalapril 20 arya,20 mg
,,,,Tenezil,20 mg
,,,,Hypace,5 mg
,,,,Enalapril 5 arya,5 mg
,,"Antithrombotic Agents
- Vitamin K antagonists",Warfarin,Cipla-warfarin,5 mg
,,,,Warfarin 5mg austell,5 mg
,,,,Warfarin 5 unicorn,5 mg
,,,,Segavin,5 mg
,,"Beta blocking agents, non-selective",Propranolol,Indoblok,10 mg
,,,,Indoblok,40 mg
906A,"Acute generalized paralysis, including polio and Guillain-Barre",Tricyclic antidepressants,Amitriptyline,Amitriptyline 10 mg austell,10 mg
,,,,Amderip,10 mg
,,,,Veikirin,10 mg
,,,,Veikirin,25 mg
,,,,Amderip,2 5mg
,,,,Gulf amitriptyline,25 mg
906L,Congenital anomalies of urinary system - symptomatic and life-threatening,"Antibacterial Agents, systemic",Amoxicillin,Amyn s,125 mg/5 mL
,,,,Zaloxy,125 mg/5 mL
,,,,Allmox s,125 mg/5 mL
,,,,Betamox s,125 mg/5 mL
,,,,Zoxil s,125 mg/5 mL
,,,,Moxymax s,125 mg/5 mL
,,,,Amoxicillin unimed,125 mg/5 mL
,,,,Amoclan S,"156,25 mg/5 mL"
,,,,Amoxicap,250 mg
,,,,Austell-amoxicillin,250 mg
,,,,Allmox,250 mg
,,,,Moxymax,250 mg
,,,,Betamox,250 mg
,,,,Moxymax sf,250 mg/5 mL
,,,,Amoxicillin unimed,250 mg/5 mL
,,,,Amyn sf,250 mg/5 mL
,,,,Zaloxy,250 mg/5 mL
,,,,Allmox sf,250 mg/5 mL
,,,,Austell-amoxicillin,500 mg
,,,,Allmox,500 mg
,,,,Moxymax,500 mg
,,,Amoxicillin and enzyme inhibitor,Sandoz co-amoxyclav s,"156,25 mg/5 ml"
,,,,Ranclav,"156,25 mg/5 mL"
,,,,Bio-amoksiklav s,"156,25 mg/5 mL"
,,,,Clamentin s,"156,25 mg/5 mL"
,,,,Auro-amoxiclav,"156,25 mg/5 mL"
,,,,Amoclan SF,"312,5 mg/5 mL"
,,,,Sandoz co-amoclav sf,"312,5 mg/5 mL"
,,,,Ranclav forte,"312,5 mg/5 mL"
,,,,Adco amoxyclav,375 mg
,,,,Austell-co-amoxiclav,375 mg
906L,Congenital anomalies of urinary system - symptomatic and life-threatening,"Antibacterial Agents, systemic",Amoxicillin and enzyme inhibitor,Auro-amoxiclav,375 mg
,,,,Sandoz co-amoxyclav,375 mg
,,,,Bindoclav,375 mg
,,,,Bio-amoksiklav,375 mg
,,,,Myclav,375 mg
,,,,Sandoz co-amoxyclav bd sf,457 mg/5 mL
,,,,Curam bd,457 mg/5 mL
,,,,Austell co-amoxiclav bd sf,457 mg/5 mL
,,,,Ranclav,625 mg
,,,,Austell-co-amoxiclav,625 mg
,,,,Auro-amoxiclav,625 mg
,,,,Myclav,625 mg
,,,,Sandoz co-amoxyclav,625 mg
,,,Cefadroxil,Dacef,250 mg/5 mL
,,,,Dacef,500 mg/5 mL
,,,Cefalexin,Ranceph,125 mg/5 mL
,,,,Ranceph,250 mg
,,,,Ranceph,250 mg/5 mL
,,,,Cefalexin alkem,500 mg
,,,,Ranceph,500 mg
,,,Ciprofloxacin,Biotech ciprofloxacin,250 mg
,,,,Cpl alliance ciprofloxacin,250 mg
,,,,Ciprogen,250 mg
,,,,Cifran 500,500 mg
,,,,Cpl alliance ciprofloxacin,500 mg
,,,,Biotech ciprofloxacin,500 mg
,,,,Ciprogen,500 mg
,,,,Austell ciprofloxacin,500 mg
,,,Combinations of penicillins,Apen s,250 mg
,,,,Macropen s,250 mg/5 mL
,,,,Macropen,500 mg
906L,Congenital anomalies of urinary system - symptomatic and life-threatening,"Antibacterial Agents, systemic",Combinations of penicillins,Apen,500 mg
,,,Nalidixic acid,Winlomylon,250 mg/5 mL
,,,,Puromylon,500 mg
,,,Nitrofurantoin,Cipladantin,100 mg
,,,,Cipladantin,50 mg
,,,Sulfamethoxazole and trimethoprim,Trixazole,480 mg
,,,,Lagatrim,480 mg
,,,,Doctrim,240 mg/5 mL
,,,,Ilvitrim,240 mg/5 mL
,,,,Purbac,240 mg/5 mL
,,,,Novatrim,240 mg/5 mL
,,,,Ilvitrim,480 mg
,,,,Nucotrim,480 mg
,,,,Cozole,480 mg
908E,"Aneurysm of major artery of chest, abdomen, neck, - Unruptured or ruptured NOS","Antithrombotic Agents
- Vitamin K antagonists",Warfarin,Cipla-warfarin,5 mg
,,,,Warfarin 5mg austell,5 mg
,,,,Warfarin 5 unicorn,5 mg
,,,,Segavin,5 mg
911G,Liver failure; hepatic vascular obstruction; inborn errors of liver metabolism; biliary atresia,Antiepileptics - Barbiturates and derivatives,Phenobarbital,Sedabarb,30 mg
,,,,Adco-phenobarb vital,-
,,Bile Acid Preparations,Ursodeoxycholic acid,Ursofalk,250 mg
,,Other plain vitamin preparations,Tocopherol (vit E),Bettaway vit e,400 iu
,,,,Holland and barrett mixed tocopherols,400 u
,,Systemic Corticosteroids - Prednisolone,Prednisolone,Aspelone,15 mg/5 mL
,,,,Adco prednisolone,15 mg/5 mL
,,Systemic Corticosteroids - Prednisone,Prednisone,Panafcort,5 mg
,,,,Be-tabs prednisone,5 mg
,,,,Trolic,5 mg
,,"Vitamin A, plain",Retinol (vit A),Holland and barrett beta-carotene provitamin a,6 mg
911G,Liver failure; hepatic vascular obstruction; inborn errors of liver metabolism; biliary atresia,Vitamin D and analogues,Alfacalcidol,Zodoray,"0,25 mcg"
,,,,Zodoray,1 mcg
,,,Colecalciferol,D-drops (new formulation) 30 ml,500 iu/0.5 mL
,,,Ergocalciferol,Calciferol,50000 u
,,,,Calciferol oily,5000 iu/1 mL
,,Vitamin K,Phytomenadione,Konakion mm 1 ml,10 mg/1 mL
,,,,Konakion mm paediatric ampoule 0.2 ml with dispenser,10 mg
912S,"Leprosy and other systemic mycobacterial infections, Excluding tuberculosis",Drugs for the treatment of Leprosy,Dapsone,Dapsone,100 mg
,,Anti-Mycobacterials - Antibiotics,Rifampicin,Rimactane,150 mg
914E,Rheumatic pericarditis; rheumatic myocarditis,"Antibacterial Agents, systemic",Amoxicillin,Amyn s,125 mg/5 mL
,,,,Zaloxy,125 mg/5 mL
,,,,Allmox s,125 mg/5 mL
,,,,Betamox s,125 mg/5 mL
,,,,Zoxil s,125 mg/5 mL
,,,,Amoxicillin unimed,125 mg/5 mL
,,,,Moxymax s,125 mg/5 mL
,,,,Amoxicap,250 mg
,,,,Austell-amoxicillin,250 mg
,,,,Allmox,250 mg
,,,,Moxymax,250 mg
,,,,Betamox,250 mg
,,,,Moxymax sf,250 mg/5 mL
,,,,Amoxicillin unimed,250 mg/5 mL
,,,,Amyn sf,250 mg/5 mL
,,,,Zaloxy,250 mg/5 mL
,,,,Allmox sf,250 mg/5 mL
,,,,Austell-amoxicillin,500 mg
,,,,Allmox,500 mg
,,,,Moxymax,500 mg
,,,Amoxicillin and enzyme,Amoclan S,"156,25 mg/5 mL"
914E,Rheumatic pericarditis; rheumatic myocarditis,"Antibacterial Agents, systemic",Amoxicillin and enzyme inhibitor,Sandoz co-amoxyclav s,"156,25 mg/5 mL"
,,,,Ranclav,"156,25 mg/5 mL"
,,,,Bio-amoksiklav s,"156,25 mg/5 mL"
,,,,Clamentin s,"156,25 mg/5 mL"
,,,,Auro-amoxiclav,"156,25 mg/5 mL"
,,,,Amoclan SF,"312,5 mg/5 mL"
,,,,Sandoz co-amoclav sf,"312,5 mg/5 mL"
,,,,Ranclav forte,"312,5 mg/5 mL"
,,,,Adco amoxyclav,375 mg
,,,,Austell-co-amoxiclav,375 mg
,,,,Auro-amoxiclav,375 mg
,,,,Sandoz co-amoxyclav,375 mg
,,,,Bindoclav,375 mg
,,,,Bio-amoksiklav,375 mg
,,,,Myclav,375 mg
,,,,Sandoz co-amoxyclav bd sf,457 mg/5 mL
,,,,Curam bd,457 mg/5 mL
,,,,Austell co-amoxiclav bd sf,457 mg/5 mL
,,,,Ranclav,625 mg
,,,,Austell-co-amoxiclav,625 mg
,,,,Auro-amoxiclav,625 mg
,,,,Myclav,625 mg
,,,,Sandoz co-amoxyclav,625 mg
,,,Phenoxymethylpenicillin,Betapen,125 mg/5 mL
,,,,Athlone Phenoxymethylpenicillin,125 mg/5 mL
,,,,Betapen,250 mg
,,,,Athlone phenoxymethylpenicillin,250 mg/5 mL
,,"Antithrombotic Agents
- Vitamin K antagonists",Warfarin,Cipla-warfarin,5 mg
,,,,Warfarin 5mg austell,5 mg
,,,,Warfarin 5 unicorn,5 mg
,,,,Segavin,5 mg
914E,Rheumatic pericarditis; rheumatic myocarditis,Aspirin,Acetylsalicylic acid,Soluspirin (was aspirin soluble),300 mg
,,,,Aspirin teva,80 mg
,,,,Coprin,100 mg
,,,,Disprin,300 mg
,,Systemic Corticosteroids - Prednisolone,Prednisolone,Aspelone,15 mg/5 mL
,,,,Adco prednisolone,15 mg/5 mL
,,Systemic Corticosteroids - Prednisone,Prednisone,Panafcort,5 mg
,,,,Be-tabs prednisone,5 mg
,,,,Trolic,5 mg
915E,Gangrene; severe atherosclerosis of arteries of extremities; diabetes mellitus with peripheral circulatory disease,"Antithrombotic Agents
- Vitamin K antagonists",Warfarin,Cipla-warfarin,5 mg
,,,,Warfarin 5mg austell,5 mg
,,,,Warfarin 5 unicorn,5 mg
,,,,Segavin,5 mg
,,Aspirin,Acetylsalicylic acid,Soluspirin (was aspirin soluble),300 mg
,,,,Aspirin teva,80 mg
,,,,Coprin,100 mg
,,,,Disprin,300 mg
,,Selective Calcium Channel Blockers With Mainly Vascular Effects,Nifedipine,Cipalat retard,20 mg
916S,Coagulation Defects,"Antithrombotic Agents
- Vitamin K antagonists",Warfarin,Cipla-warfarin,5 mg
,,,,Warfarin 5mg austell,5 mg
,,,,Warfarin 5 unicorn,5 mg
,,,,Segavin,5 mg
,,Folic acid and derivatives,Folic acid,Gulf folic acid,5mg
,,,,Be-tabs folic acid,5 mg
,,Other Immunosuppressive Agents,Azathioprine,Azamun,50 mg
,,,,Azathioprine pch,50 mg
,,,Methotrexate,Methotrexate,"2,5 mg"
,,Potassium Supplements,Potassium chloride,Ultipot,600 mg
916S,Coagulation Defects,Systemic Corticosteroids - Prednisolone,Prednisolone,Aspelone,15 mg/5 mL
,,,,Adco prednisolone,15 mg/5 mL
,,Systemic Corticosteroids - Prednisone,Prednisone,Panafcort,5 mg
,,,,Be-tabs prednisone,5 mg
,,,,Trolic,5 mg
93E,Ventricular septal defect - persistent,Cardiac Glycosides - Digoxin,Digoxin,Lanoxin paediatric/geriatric,"0,05 mg/1 mL"
,,,,Lanoxin,"0,0625 mg"
,,,,Lanoxin,"0,25 mg"
,,High-Ceiling Diuretics,Furosemide,Furobe,40 mg
,,,,Mylan furosemide,40 mg
,,,,Lasix oral,50 mg/5 mL
951K,Benign and malignant tumours of pituitary gland with/without hypersecretion syndromes,"Androgens - 3-
Oxoandrosten (4) Derivatives",Testosterone,Depo-testosterone 10 ml,100 mg/1 mL
,,,,Sustanon 250 mg,250 mg
,,Anterior Pituitary Hormones - Somatropin and somatropin agonists,Somatropin,Norditropin nordilet pf pen 10 mg (solution for injection),"10 mg/1,5 mL"
,,,,Omnitrope cartridge sol for injection 1.5 ml 30iu,"10 mg/1,5 mL"
,,,,Humatrope,12 mg
,,,,Norditropin nordilet pf pen 5 mg (solution for injection),"5 mg/1,5 mL"
,,,,Humatrope,6 mg
,,,,Omnitrope cartridge sol for injection 1.5 ml 45iu,"15 mg/1,5 mL"
,,Gynaecologicals - Prolactine Inhibitors,Bromocriptine,Aspen bromocriptine,"2,5 mg"
,,,Cabergoline,Dostinex,"0,5 mg"
,,Posterior Pituitary Hormones - Vasopressin and analogues,Desmopressin,Minirin melt,240 mcg
,,,,Minirin melt,120 mcg
,,,,Ddavp nasal spray 5 ml,"0,1 mg/1 mL"
,,,,Minirin melt,60 mcg
951K,Benign and malignant tumours of pituitary gland with/without hypersecretion syndromes,Systemic Corticosteroids - Mineralocorticoids,Fludrocortisone,Florinef acetate,"0,1 mg"
,,Systemic Corticosteroids - Hydrocortisone,Hydrocortisone,Covocort,10 mg
97E,Coronary artery anomaly,"Ace Inhibitors, Plain",Captopril,Mylan captopril,25 mg
,,,,Mylan captopril,50 mg
,,,Enalapril,Tenezil,10 mg
,,,,Natrapress,10 mg
,,,,Enalapril 10 arya,10 mg
,,,,Natrapress,20 mg
,,,,Enalapril 20 arya,20 mg
,,,,Tenezil,20 mg
,,,,Hypace,5 mg
,,,,Enalapril 5 arya,5 mg
,,Cardiac Glycosides - Digoxin,Digoxin,Lanoxin paediatric/geriatric,"0,05 mg/1 mL"
,,,,Lanoxin,"0,0625 mg"
,,,,Lanoxin,"0,25 mg"
,,High-Ceiling Diuretics,Furosemide,Furobe,40 mg
,,,,Mylan furosemide,40 mg
,,,,Lasix oral,50 mg/5 mL
98E,"Complete, corrected and other transposition of great vessels","Ace Inhibitors, Plain",Captopril,Mylan captopril,25 mg
,,,,Mylan captopril,50 mg
,,,Enalapril,Tenezil,10 mg
,,,,Natrapress,10 mg
,,,,Enalapril 10 arya,10 mg
,,,,Natrapress,20 mg
,,,,Enalapril 20 arya,20 mg
,,,,Tenezil,20 mg
,,,,Hypace,5 mg
,,,,Enalapril 5 arya,5 mg
,,"Beta blocking agents, non-selective",Propranolol,Indoblok,10 mg
,,,,Indoblok,40 mg
99E,,"Ace Inhibitors, Plain",Captopril,Mylan captopril,25 mg
,Tetralogy of Fallot (TOF),,,Mylan captopril,50 mg
,,,Enalapril,Tenezil,10 mg
,,,,Natrapress,10 mg
,,,,Enalapril 10 arya,10 mg
,,,,Natrapress,20 mg
,,,,Enalapril 20 arya,20 mg
,,,,Tenezil,20 mg
,,,,Hypace,5 mg
,,,,Enalapril 5 arya,5 mg
,,"Beta blocking agents, non-selective",Propranolol,Indoblok,10 mg
,,,,Indoblok,40 mg